page,pseudo,fbid,fbid#,nb,interactions,interactions/post,info?
La Parole Vivante,laparolevivante,543062075763417,#543062075763417,13512,21379356,"1582,2",non
Le Journal de Montréal,jdemontreal,103984323029572,#103984323029572,11660,10367193,"889,1",oui
TVA Nouvelles,TVAnouvelles,163706859094,#163706859094,11041,24439850,"2213,6",oui
Radio-Canada Information,radiocanada.info,131191820259167,#131191820259167,8740,8664409,"991,4",oui
La Presse,LaPresseFB,78302173311,#78302173311,8252,5740738,"695,7",oui
Le Journal de Québec,JdeQuebec,123603337695336,#123603337695336,7338,4465698,"608,6",oui
Le Devoir,ledevoir,98317905527,#98317905527,5407,3500489,"647,4",oui
RDS,RDS,132756582352,#132756582352,4345,2815454,648,oui
Narcity Québec,NarcityQuebec,271036236431606,#271036236431606,4065,3826750,"941,4",oui
ConneriesQc,conneriesqc,166259473465593,#166259473465593,3555,4950513,"1392,5",non
Le Soleil,lesoleildequebec,192978590727638,#192978590727638,3152,1711067,"542,9",oui
La victoire de l'amour page officielle,lavictoiredelamour,182785011797968,#182785011797968,2984,2112775,708,non
Ma Fourchette,MaFourchette,794911353929249,#794911353929249,2964,2109450,"711,7",non
Québec FIER,quebecfierpage,2011047962493582,#2011047962493582,2833,2397004,"846,1",non
Grands Titres,grandstitres,1414711115476305,#1414711115476305,2575,858093,"333,2",non
Olivier Primeau,oliprimeau,100044355129827,#100044355129827,2534,2119914,"836,6",non
TROP CUTE [Fan-O-web],tropcute,1395785187343769,#1395785187343769,2471,996448,"403,3",non
Trucs & Bricolages,TrucsBrico,423432611037938,#423432611037938,2463,1992184,"808,8",non
Veux-Tu Rire?,VeuxTuRire,377628862262451,#377628862262451,2420,799036,"330,2",non
Gratuit,rienquedugratuit,218080198269394,#218080198269394,2373,1656807,"698,2",non
ICI Québec,iciquebec,188385537886041,#188385537886041,2361,1445594,"612,3",oui
Circulaires,circulaireenligne,284908468238318,#284908468238318,2344,1616944,"689,8",non
Salut Bonjour,SalutBonjour.tv,119123001761,#119123001761,2342,1505558,"642,9",oui
Les Mots Positifs,lesmotspositifs,100510906761717,#100510906761717,2252,2149455,"954,5",non
QC Lifestyle,qc.lfstl,101033613288663,#101033613288663,2229,801530,"359,6",non
Recette de Maman,recettedemaman,430718797134038,#430718797134038,2098,1651140,787,non
Les OutsiderZ,LesOutsiderZ,182513512155877,#182513512155877,1974,773092,"391,6",non
MSN Québec,msncanadafr,196774760345640,#196774760345640,1936,827463,"427,4",oui
Le Nouvelliste,lenouvelliste,103058656428479,#103058656428479,1881,731146,"388,7",oui
J'avoue Que,javoueque,1390804037811350,#1390804037811350,1874,787172,420,non
Téléjournal Acadie,infoacadie,354781794549447,#354781794549447,1807,760214,"420,7",oui
ICI Saguenay–Lac-Saint-Jean,icisaguenaylacsaintjean,471020985450,#471020985450,1806,1287877,"713,1",oui
Ayoye - FR,AyoyeFR,1594589180817644,#1594589180817644,1768,866798,"490,3",non
DansLesCoulisses.com,DLCoulisses,378427255005,#378427255005,1761,582768,"330,9",non
La Tribune,Latribunedesherbrooke,315133550256,#315133550256,1754,673326,"383,9",oui
Le Chef Cuisto,chefcuisto,100044379791216,#100044379791216,1746,1049530,"601,1",non
Les Maisons,LesMaisons.co,332088116982339,#332088116982339,1732,797472,"460,4",non
"98,5 FM",985fm,141792675836335,#141792675836335,1719,763639,"444,2",oui
Gabriel Tellier,GabrielTellierofficiel,100044565843707,#100044565843707,1660,2096342,"1262,9",non
RPM,rpmweb,129544540427273,#129544540427273,1651,872271,"528,3",non
TVA Gatineau-Ottawa,tvagatineauottawa,213820898747207,#213820898747207,1651,713980,"432,5",oui
KoalaQuiz Français,KoalaquizFR,949681725123273,#949681725123273,1627,785469,"482,8",non
BuzzUltra,buzzultra,631338173655333,#631338173655333,1620,1644414,"1015,1",non
Ayoye France,AyoyeFrance,1418868275098941,#1418868275098941,1618,770351,"476,1",non
"Actualités, trucs et astuces",trucsastucesmag,497410677108221,#497410677108221,1583,868391,"548,6",non
"104,7 Outaouais",1047fm.Outaouais,271598752944478,#271598752944478,1553,570132,"367,1",oui
TVA Sports,TVASports,127476907331141,#127476907331141,1544,1120614,"725,8",oui
BlaguesQuébec,BlaguesQuebec,402655366470792,#402655366470792,1496,897622,600,non
Le Quotidien,LeQuotidienProgres,290633408116,#290633408116,1487,602312,"405,1",oui
Spotted : Clients de marde,Spottedclientsdemarde,486273498146486,#486273498146486,1416,690455,"487,6",non
enVedette.ca,enVedette.ca,113864875360093,#113864875360093,1395,1042736,"747,5",non
ICI Estrie,iciestrie,211536155525838,#211536155525838,1364,846069,"620,3",oui
Acadie Nouvelle,acadienouvelle,26891234963,#26891234963,1324,462831,"349,6",oui
Le Guide de l'auto,guideauto,29669898800,#29669898800,1322,993085,"751,2",non
EMCI TV,emcitv,365057285222,#365057285222,1316,2207163,"1677,2",non
Ayoye OMG,AyoyeOMG,1571289526456424,#1571289526456424,1310,527579,"402,7",non
Université de Médecine Énergétique,universitymedecinenergy,141168235937410,#141168235937410,1309,1286443,"982,8",non
MétéoMédia,meteomedia,8157654607,#8157654607,1287,1391123,"1080,9",non
VedetteQuebec.com,vedettequebec,1035802559777703,#1035802559777703,1233,1024570,831,non
7 Jours,magazine7Jours,113918058635710,#113918058635710,1232,1169666,"949,4",non
Maurais Live - Radio X,MAURAIS.LIVE,218942341504026,#218942341504026,1223,649654,"531,2",non
QUB Radio,qubradio,2215333488686146,#2215333488686146,1217,361556,"297,1",oui
Radio-Canada,RadioCanada,177681485609462,#177681485609462,1213,897831,"740,2",non
François Charron - Page officielle,francoischarroncom,125426694946,#125426694946,1204,807009,"670,3",non
JEAN BONIN Kouadio,LACOTEDIVOIREFRATERNELLE,670688723378128,#670688723378128,1177,1228338,"1043,6",non
African Heroes,africanheroesmagazine,1056370214548428,#1056370214548428,1171,7013702,"5989,5",non
ICI Mauricie Centre-du-Québec,icimauriciecentreduquebec,353039654402,#353039654402,1164,552674,"474,8",oui
La parfaite maman cinglante,laparfaitemamancinglante,527194514089238,#527194514089238,1153,3604682,"3126,4",non
"107,3 Rouge",1073Rougefm,233198693378754,#233198693378754,1141,697070,"610,9",non
HABSolumentFan,HABSolumentFAN,191611064197512,#191611064197512,1140,529412,"464,4",non
Journal L'Express de Drummondville,JournalExpressDrummond,111462462235449,#111462462235449,1134,405911,"357,9",oui
La Voix de l'Est,lavoixdelest,180973521937146,#180973521937146,1118,421586,"377,1",oui
ODconneries,odconneries,462699397078050,#462699397078050,1110,1188866,"1071,1",non
LES ETHNIES DE LA COTE D'IVOIRE ET D'AFRIQUE,ethniesdeCI,1176807689007429,#1176807689007429,1101,1643412,"1492,7",non
François Lambert,FrancoisLambertImpulse,241810319242706,#241810319242706,1101,592277,"537,9",non
Showbizz.net,showbizznetqc,511420095548284,#511420095548284,1060,950933,"897,1",non
Nathalie Dasilva Officiel,NathalieDasilvaOfficiel,100547361385256,#100547361385256,1059,934187,"882,1",non
TVA,ReseauTVA,281870615186199,#281870615186199,1047,856315,"817,9",non
Blog Fascinant Japon,blogFascinantJapon,443314362495842,#443314362495842,1034,427345,"413,3",non
L'Anti-Média,LAntiMedia,560043290814548,#560043290814548,1017,2639922,"2595,8",non
Le Téléjournal 18 h,tj18h,107146536009839,#107146536009839,1006,583948,"580,5",oui
"Ensemble, accélérons la transition énergétique",eatenergie,132842486751654,#132842486751654,1005,501259,"498,8",non
LNH,LNH,339713819399579,#339713819399579,998,356257,357,non
Made in Alsace,MadeinAlsace,6840067705,#6840067705,993,653760,"658,4",non
ICI Abitibi-Témiscamingue,iciabitibi,275069289242598,#275069289242598,987,415239,"420,7",oui
Radio-Canada Arts,RadioCanadaArtsetdivertissement,381415355216257,#381415355216257,982,527753,"537,4",non
Journal Métro,journalmetro,64790844524,#64790844524,979,342534,"349,9",oui
La solution est en vous,lasolutionestenvous,335248206510387,#335248206510387,970,2935008,"3025,8",non
Franck Nicolas,francknicolasofficiel,467107220019064,#467107220019064,962,1386400,"1441,2",non
Le Droit,LeDroitca,152738728079652,#152738728079652,948,294020,"310,1",oui
"94,9 Rouge",949Rougefm,236257089748345,#236257089748345,928,301387,"324,8",non
Boom 104.1 - 106.5,radioboom,121768982267,#121768982267,919,483741,"526,4",non
FFL - Fédération Française de la Lose,FFLose,1624078231181292,#1624078231181292,916,3083841,"3366,6",non
GeekQc,GeekQc,154016318123550,#154016318123550,914,740505,"810,2",non
V Création,VCREATION2,228162347254869,#228162347254869,913,732946,"802,8",non
ICI TÉLÉ,iciradiocanadatele,144455282260922,#144455282260922,906,939945,"1037,5",non
Le Revoir,JournalLeRevoir,1329072827227305,#1329072827227305,900,1298617,"1442,9",non
Rythme 105.7,Rythme1057,124140938458,#124140938458,889,493042,"554,6",non
La Fondation Giguère,LaFondationGiguere,102286693169255,#102286693169255,883,638973,"723,6",non
La Presse Galactique,lapressegalactique,186562184697581,#186562184697581,875,301901,345,non
District 31,ICIDistrict31,1638112596450271,#1638112596450271,868,1252896,"1443,4",non
www.lanouvelle.net,lanouvellenet,109588815731299,#109588815731299,852,235328,"276,2",oui
C'est normal au Québec,cestnormalauquebec,530508237050540,#530508237050540,837,504640,"602,9",non
Le sac de chips,lesacdechips,574845642586113,#574845642586113,828,459413,"554,8",non
Radio-Canada Sports,radiocanada.sports,163083777048046,#163083777048046,818,323450,"395,4",oui
"96,9 Rouge",969Rougefm,267133359969833,#267133359969833,814,359760,442,non
Ayoye QC,AyoyeQC,833589203363319,#833589203363319,811,206926,"255,1",non
Espaces autochtones,espacesautochtones,1244324122290544,#1244324122290544,800,352766,441,oui
HollywoodPQ.com,HollywoodPQ,199477370862,#199477370862,792,499706,"630,9",non
Une Pomme Par Jour,unepommejour,1639311706392498,#1639311706392498,788,748502,"949,9",non
Petit Petit Gamin,petitpetitgamin,189448788942,#189448788942,778,789717,"1015,1",non
EnBeauce.com,enbeauce,137517729595139,#137517729595139,776,253699,"326,9",oui
La voix des animaux,La.voix.des.animaux.org,206535392710459,#206535392710459,761,838065,"1101,3",non
ÉNERGIE 104.1,gatineauottawa1041,116511115481,#116511115481,731,242809,"332,2",non
Je suis Elle,jesuiselle,1483314448551560,#1483314448551560,728,195101,268,non
CIMT Nouvelles,cimtnouvelles,176156409078792,#176156409078792,725,358800,"494,9",oui
URBANIA,URBANIA,70366134138,#70366134138,703,415416,"590,9",oui
Meme Qc,qcmemeqc,880871902034770,#880871902034770,695,668036,"961,2",non
www.zone911.com,zone911,106245819760,#106245819760,692,324571,469,non
94.7 Rouge,947Rougefm,240445512654530,#240445512654530,692,243501,"351,9",non
Le Biscuit Chinois,lebiscuitchinois,1395803760736643,#1395803760736643,688,335305,"487,4",non
"96,9 CKOI",969CKOI,122334661136817,#122334661136817,681,383263,"562,8",non
La Planète s'invite au Parlement,laplaneteauparlement,344333882982172,#344333882982172,677,248464,367,non
Deux minutes de pause,DeuxMinutesDePause,2322669638005579,#2322669638005579,660,538964,"816,6",non
FR إعلام العرب,arabs.media.fr,113455337033096,#113455337033096,654,229646,"351,1",non
François Legault,FrancoisLegaultPremierMinistre,400223946701308,#400223946701308,647,5366866,8295,non
Spotted Moment bizarre,spotmombiz,500246926847105,#500246926847105,644,428425,"665,3",non
Fédération des intervenantes en petite enfance du Québec Fipeq-Csq,FIPEQCSQ,127067803971172,#127067803971172,644,369396,"573,6",non
Journal Saint-François,SaintFrancoisGravite,541550695869194,#541550695869194,644,190914,"296,5",oui
ÉNERGIE 94.5,saguenay945,202461090251,#202461090251,638,285769,"447,9",non
Spotted: SOS Couples,spottedsoscouples,903587929706691,#903587929706691,637,178444,"280,1",non
Mario Tessier,MarioTessierOfficiel,100044159843455,#100044159843455,625,560694,"897,1",non
Bonsoir Bonsoir,BonsoirBonsoirRC,1234713543353506,#1234713543353506,624,738163,1183,non
Occupation Double,occupationdouble,98337972266,#98337972266,621,1088219,"1752,4",non
Anonymous infos QC,AnonymousInfosQc,138661676288574,#138661676288574,612,302259,"493,9",non
Gagnez GROS,GagnezGros,309903492456163,#309903492456163,604,173138,"286,7",non
Ayoye - QC,AyoyeQC2,273873603103,#273873603103,604,135473,"224,3",non
Zone économie,zoneeconomie,273070192878526,#273070192878526,600,210009,350,oui
Québec Niaiseries,quebecniaiseries1,175916469455588,#175916469455588,598,951948,"1591,9",non
L'art de la musique et de la culture,tunisie.mus.culture,1712766595719093,#1712766595719093,596,741530,"1244,2",non
TVA Saguenay-Lac-St-Jean,TVASaguenayLacStJean,154703251237678,#154703251237678,596,298732,"501,2",oui
Le Cahier,bloglecahier,107573309399959,#107573309399959,594,215505,"362,8",non
Québec solidaire,Quebecsolidaire,11392874217,#11392874217,592,297996,"503,4",non
Parti Québécois,lepartiquebecois,8843534619,#8843534619,583,440624,"755,8",non
"5 ingrédients, 15 minutes",magazine515,133556790064898,#133556790064898,582,370806,"637,1",non
Josée di Stasio,Joseedistasio.ca,388683135081314,#388683135081314,579,268009,"462,9",non
LES ALGERIENS DE MONTREAL,Les.Algeriens.De.Montreal,277889650784,#277889650784,577,285758,"495,2",non
ICI Ottawa Gatineau,iciottawagatineau,152856822182,#152856822182,574,210882,"367,4",oui
Choisis de Jesus,Choisis.de.Jesus,163874703802336,#163874703802336,573,213058,"371,8",non
TVA Québec,tvaquebec,122398244448311,#122398244448311,570,215829,"378,6",oui
Les Archives de Radio-Canada,ArchivesRadioCanada,7084906051,#7084906051,569,425588,748,non
Ben loisirs,bensaleck,348814345772328,#348814345772328,569,265786,"467,1",non
TPL Moms,TPLmoms,1425186647722474,#1425186647722474,568,441750,"777,7",non
ICI Musique,icimusique,199030580136438,#199030580136438,567,321719,"567,4",non
Nouvèlpam Rezonòdwès,rezonodwes1,321503011359205,#321503011359205,567,298914,"527,2",non
HABS ET LNH,HABSETLNH,278462962249988,#278462962249988,565,171268,"303,1",non
Canada's Car Import,canadacarimport,1561071474203149,#1561071474203149,562,240855,"428,6",non
ICI Gaspésie-Les-Îles,icigaspesieilesdelamadeleine,226135530782200,#226135530782200,562,234403,"417,1",oui
Soutien aux Policiers Québec / Canada,soutienpolice,445060555522928,#445060555522928,559,396634,"709,5",non
Le Soleil de Châteauguay,JournalLeSoleildeChateauguay,275463874404,#275463874404,559,165782,"296,6",oui
Radio Woroworo,RADIOWOROWORO,293949284002867,#293949284002867,556,782443,"1407,3",non
Le 15-18,Le1518,493770360693544,#493770360693544,553,171825,"310,7",oui
Vivons le moment présent,vivonslemomentpresent,153443714678619,#153443714678619,550,504138,"916,6",non
Tout un matin,toutunmatin,1387489814797612,#1387489814797612,549,200189,"364,6",non
Journal Le Reflet,JournalLeRefletGraviteMedia,102471329717,#102471329717,546,194226,"355,7",oui
Katherine-Roxanne Veilleux,maigrirsansfaim,318304571591,#318304571591,545,440382,808,non
Greenpeace Québec,greenpeaceqc,76593129867,#76593129867,542,382544,"705,8",non
Spotted à Gatineau,Spottedagatineau,534566916597159,#534566916597159,539,179004,"332,1",non
Nathalie DaSilva,NathalieDasilvaOfficiel2,110774177115863,#110774177115863,531,122469,"230,6",non
Nightlife.ca,nightlife.ca,117598938255504,#117598938255504,528,287862,"545,2",non
ICI Bas-Saint-Laurent,icibassaintlaurent,243777932386097,#243777932386097,528,227016,430,oui
Paul St-Pierre Plamondon,pspp.quebec,1733587916919572,#1733587916919572,519,310591,"598,4",non
François Lemay,Francoislemayconferencier,1448893498664482,#1448893498664482,518,563161,"1087,2",non
ÉNERGIE 106.1,estrie1061,110797446613,#110797446613,517,205472,"397,4",non
"FM Charlevoix - CIHO 96,3",CIHOFM,101619366699027,#101619366699027,517,135707,"262,5",oui
QUÉBÉCOIS,QuebecoisCom,281373965620841,#281373965620841,514,638410,1242,non
Journal Mobiles,JournalMobiles,309470448515,#309470448515,513,195327,"380,8",oui
Savourer par Geneviève O'Gleman,savourermag,755840654802264,#755840654802264,510,233455,"457,8",non
Concours & Buzz Québec,ConcoursDuQuebec,202722009839529,#202722009839529,506,159481,"315,2",non
Canal Vie,canalvie,165358048424,#165358048424,501,255694,"510,4",non
"102,7 Rouge",1027Rougefm,237940496245823,#237940496245823,497,244887,"492,7",non
Ricardo Cuisine,ricardocuisine,72128548261,#72128548261,494,752572,"1523,4",non
Clique du plateau,lacliqueduplateau,533637420019867,#533637420019867,493,222987,"452,3",non
Maison Jacynthe,maisonjacynthe,155964624556377,#155964624556377,489,234961,"480,5",non
Chalets Nordik,ChaletsNordik,108678027188578,#108678027188578,488,454726,"931,8",non
La Terre de chez nous,laterreca,330389168569,#330389168569,481,188652,"392,2",oui
Justin Trudeau,JustinPJTrudeau,21751825648,#21751825648,480,6973554,"14528,2",non
Saviez-vous que ?,SaviezVousQueOfficiel,329304790529597,#329304790529597,480,481820,"1003,8",non
"Radio X - CHOI 98,1",radioxquebec,103399319745858,#103399319745858,480,355573,"740,8",non
Spotted : St-Hyacinthe,spotsthya,1488288984717579,#1488288984717579,477,147576,"309,4",non
Ayoye OMG QC,AyoyeOMGQC,100818131257,#100818131257,470,107259,"228,2",non
Deux filles le matin,2filleslematin,348194330970,#348194330970,466,403249,"865,3",non
L'abc du maquillage Académie par Marilyn Pellerin,labcdumaquillageacademie,141121899377891,#141121899377891,464,588358,1268,non
O Fil du Coeur,Ofilducoeur,376355843091424,#376355843091424,464,430684,"928,2",non
Liberal Party of Canada | Parti libéral du Canada,LiberalCA,60266912006,#60266912006,462,280059,"606,2",non
CIUSSS MCQ,ciusssmauriciecentreduquebec,522383267928280,#522383267928280,461,196857,427,non
Robert Savoie,robertsavoieconferencier,219452838154137,#219452838154137,459,259726,"565,9",non
Info Dimanche,infodimanche,176907966183,#176907966183,459,122768,"267,5",non
Je suis une maman,jesuisunemaman,100044223499886,#100044223499886,458,294958,644,non
La Fabrique culturelle,LaFabriqueculturelle.tv,609519979104006,#609519979104006,458,144245,"314,9",non
Les Affaires,la.lesaffaires,100306918236,#100306918236,457,147097,"321,9",oui
FIQ - Santé,FIQSante,254599681602,#254599681602,456,205530,"450,7",non
Rythme 100.1,fm.rythmemusicale,104523882938940,#104523882938940,454,196502,"432,8",non
Ahmed Hussen,HonAhmedHussen,601205023335874,#601205023335874,454,138180,"304,4",non
TVA Abitibi-Témiscamingue,tvaabitibi,145458018925308,#145458018925308,446,186825,"418,9",oui
Le Nord-Côtier,LeNordCotier,254400736372,#254400736372,446,116848,262,oui
Kabylie wiki,KabylieWiki,1604401266502443,#1604401266502443,445,218057,490,non
Échantillons Gratuits au Québec,echantillons.gratuits.quebec,1703111353294284,#1703111353294284,444,151618,"341,5",non
"95,7 KYK",957KYK,117228977327,#117228977327,442,174992,"395,9",non
Taddart nneɣ,VillagesdeKabylie,602606506546988,#602606506546988,440,254091,"577,5",non
Balle Courbe,BalleCourbe,1500645286866994,#1500645286866994,439,128200,292,non
Promo Musique Nigérienne,PromoMusiqueNiger,273249463097523,#273249463097523,438,256988,"586,7",non
Radio-Canada Science,radiocanada.science,1093913860657127,#1093913860657127,433,218977,"505,7",oui
HHQc.com,hiphopquebec,147070428662133,#147070428662133,433,170963,"394,8",non
ICI Côte-Nord,icicotenord,165824360177331,#165824360177331,433,156646,"361,8",oui
"WKND 91,9",wknd919,407408322634553,#407408322634553,431,418259,"970,4",non
Journal Le Manic,LeManicJournal,207875915892151,#207875915892151,430,107936,251,oui
Le spotted de Saint Jean sur Richelieu & environs,Lespottedofficiel,1400611480262378,#1400611480262378,428,162049,"378,6",non
L'Avantage,lavantageqcca,311812224673,#311812224673,427,153908,"360,4",oui
Eglise Nouvelle Vie,eglisenouvellevie,104390753550,#104390753550,427,143597,"336,3",non
Les 2 Rives,journalles2rives,133524939991445,#133524939991445,427,133662,313,oui
Sucré Salé,sucresaleTVA,122880981066732,#122880981066732,426,315800,"741,3",non
Jimmy Sévigny,JimmySevigny.CoachMotivateur,449353528453102,#449353528453102,425,472305,"1111,3",non
Gabriel Nadeau-Dubois,GNadeauDubois,398795723813002,#398795723813002,421,720253,"1710,8",non
ÉNERGIE 102.3,mauricie1023,120535889618,#120535889618,420,166851,"397,3",non
Queen Fumi,queenfumiofficiel,100044184021620,#100044184021620,419,712755,"1701,1",non
Ministère Paul Mukendi,ministerepaulmukendi,223709914358082,#223709914358082,418,1223633,"2927,4",non
Coalition Avenir Québec,coalitionavenir,142211119175286,#142211119175286,418,198879,"475,8",non
CIME.FM,cime.fm,127754787264573,#127754787264573,417,176047,"422,2",non
Je Me Souviens,JeMeSouviens101,233430580026521,#233430580026521,417,142031,"340,6",non
91.9 Sports,919sport,880897441945418,#880897441945418,414,132039,"318,9",oui
La semaine des 4 Julie,lasemainedes4julie,104608224342511,#104608224342511,413,203665,"493,1",non
Fondation pour la défense des droits et libertés du peuple,FDDLP.ORG,111343073938959,#111343073938959,411,411613,"1001,5",non
Forces armées canadiennes,ForcesCanada,686814348097821,#686814348097821,410,129257,"315,3",non
Proverbes et Citations III,lesbellescitations,316864308800813,#316864308800813,404,304874,"754,6",non
Le Journal de la Côte d’Ivoire,lejournaldelacotedivoire,100248218283003,#100248218283003,404,90046,"222,9",non
Indochine officiel,Indochineofficiel,100044354682968,#100044354682968,402,1597326,"3973,4",non
Julie Snyder,JulieSnyderOfficiel,100044468555080,#100044468555080,399,501292,"1256,4",non
Magazine Échos Vedettes,EchosVedettes,239007911977,#239007911977,399,183598,"460,1",non
SPCA Ouest,spcaouest,407069772736427,#407069772736427,397,238510,"600,8",non
Télé-Québec,TeleQc,432743573441081,#432743573441081,395,439120,"1111,7",non
Spotted: Construction Jo clé,Joclemecaniquediesel,784045898334650,#784045898334650,393,166419,"423,5",non
Maliwood,Maliwood223,100656668079693,#100656668079693,391,125944,"322,1",non
K pour Katrine,kpourkatrine,163443740753782,#163443740753782,390,106627,"273,4",non
Harjit Sajjan,harjit.sajjan.7,333515650184221,#333515650184221,389,262971,676,non
TVA Sherbrooke,TVASherbrooke,167332933286664,#167332933286664,389,142242,"365,7",oui
Maika,MaikaDesnoyers,675475525891900,#675475525891900,388,280864,"723,9",non
Thomas Levac,thomlevac,100046899470626,#100046899470626,386,137828,"357,1",non
FSSS CSN,FSSSCSN,266597510026180,#266597510026180,386,134637,"348,8",non
Éric Duhaime,eduhaime,216141861779286,#216141861779286,385,1263369,"3281,5",non
Momo Traore,Momotraore223,1912956812262458,#1912956812262458,384,446748,"1163,4",non
La vie est belle,KingReflexion,100747748008395,#100747748008395,384,352907,919,non
Noovo,Noovo.ca,110795717661,#110795717661,384,316635,"824,6",non
Maxime Bernier,maximebernier.ppc,10419173702,#10419173702,384,240503,"626,3",non
Page libre,pageperdue,1705385373006192,#1705385373006192,383,163821,"427,7",non
L'antichambre,antichambre,186297934721250,#186297934721250,383,113498,"296,3",non
M 102.9,mfm1029,639611466146908,#639611466146908,382,125588,"328,8",non
Manon Massé,QS.ManonMasse,336600869757204,#336600869757204,377,487244,"1292,4",non
Mitsou Gélinas,mitsoug,100044148323840,#100044148323840,377,301778,"800,5",non
Espaces,espacespleinairquebecor,121679791178217,#121679791178217,372,181992,"489,2",non
Tamazgha Monde TV,tamazghamondetv,490517424482366,#490517424482366,371,234041,"630,8",non
Bloc Québécois,blocquebecois,289645734402804,#289645734402804,367,210508,"573,6",non
Support aux gens,supportauxgens.org,624489680933764,#624489680933764,367,129937,"354,1",non
Valérie Plante,MTL.ValeriePlante,322991074547262,#322991074547262,363,281019,"774,2",non
Guides de voyage Ulysse,GuidesUlysse,57438374290,#57438374290,361,110644,"306,5",non
Tabarnak,TabarnakDeTabarnak,259925030792801,#259925030792801,360,727023,"2019,5",non
Réseau FADOQ,reseaufadoq,303190349734084,#303190349734084,359,143633,"400,1",non
Eye of the Tiger Management,eottmboxing,160095520746436,#160095520746436,359,99272,"276,5",non
Québec Broue,qcbroue,113945165288613,#113945165288613,356,450997,"1266,8",non
Ça finit bien la semaine,cafinitbienlasemaineTVA,155534644470107,#155534644470107,355,217895,"613,8",non
Caroline LePage мedιυм pѕycнιqυe,carolinelepagepsychiquemedium,525395050960012,#525395050960012,352,82407,"234,1",non
ICI Grand Montréal,icigrandmontreal,134483853321456,#134483853321456,348,139590,"401,1",oui
Denis Lapierre,tarot.denis.lapierre,192301490893440,#192301490893440,343,401901,"1171,7",non
Le Citoyen Rouyn - La Sarre,lecitoyenrouynlasarre,109730386592,#109730386592,343,92330,"269,2",oui
IFOLO Officiel,ifolOfficiel1,100044238019092,#100044238019092,342,273835,"800,7",non
Dernière Heure / Flash News,derniereheureflashnews,781167202001239,#781167202001239,340,123953,"364,6",non
Pierre Paul-Hus,pierrepaulhus2015,1620585748175342,#1620585748175342,340,111357,"327,5",non
Salons des animaux exotiques du Québec,animauxexotiquesquebec,334584650011529,#334584650011529,339,487636,"1438,5",non
Gouvernement du Nouveau-Brunswick,GouvNB,468844636547019,#468844636547019,335,96277,"287,4",non
Énergie Abitibi,energieabitibi,109222419280,#109222419280,334,111733,"334,5",non
Michelle Blanc,PageMichelleBlanc,100044456795544,#100044456795544,332,78523,"236,5",non
Ayoye - MDR,AyoyeMDR,1399756317019064,#1399756317019064,326,99414,305,non
Renaud-Bray,renaudbray,141609659897,#141609659897,325,270780,"833,2",non
Fatoumata Chérif,FatoumataCherif.fc,1418861045102596,#1418861045102596,325,158249,"486,9",non
L'Éclat,lecitoyenvaldoramos,252516926738,#252516926738,324,85110,"262,7",oui
Bonheur et santé,bonheuretsante.fr,285835258420981,#285835258420981,323,320064,"990,9",non
Étienne Drapeau,etiennedrapeau,9316859657,#9316859657,322,302517,"939,5",non
Magazine VÉRO,VeroMagazineQc,1490162974612664,#1490162974612664,322,160967,"499,9",non
ICI Première,iciradiocanadapremiere,146507705370236,#146507705370236,322,113564,"352,7",non
Le Courrier du Sud,lecourrierdusud,341883588568,#341883588568,318,122738,386,oui
Louis T,LouisTfanpage,135502556519947,#135502556519947,317,566181,"1786,1",non
ÉNERGIE 92.1,drummondville921,216527835579,#216527835579,317,142143,"448,4",non
MédiAT,mediat,807254436031059,#807254436031059,317,116285,"366,8",oui
Michel Therrien,michel.therrien.902,100044535152062,#100044535152062,315,216931,"688,7",non
Première heure avec Claude Bernatchez,premiereheure,116971661655293,#116971661655293,315,95162,"302,1",non
Le 5 à 7,5a7RDS,148487058559997,#148487058559997,315,88596,"281,3",non
Le Charlevoisien,charlevoisien,193760727436039,#193760727436039,314,69481,"221,3",oui
Mère ordinaire par Bianca Longpré,MereOrdinaireBiancaLongpre,339591429764720,#339591429764720,312,2426465,"7777,1",non
Courrier Laval,courrierlaval,370414103097,#370414103097,310,86921,"280,4",oui
Prières inspirées,prieresinspirees,144334405942294,#144334405942294,309,154027,"498,5",non
Catherine Dorion,catherinedorionqs,646548199069682,#646548199069682,306,581213,"1899,4",non
Vivre avec la pensée positive,celine.lacoursiere23,713936025342729,#713936025342729,306,293257,"958,4",non
Stephane Monette,smonette,549020431835568,#549020431835568,306,171065,559,non
Marie-Chantal Toupin,MarieChantalToupin,807249822701548,#807249822701548,303,281364,"928,6",non
Tastet,guidetastet,445189975538910,#445189975538910,302,90562,"299,9",non
Office du tourisme de Québec,Quebeccite,203853296298919,#203853296298919,299,560302,"1873,9",non
Spotted : Saint-Georges de beauce,SpottedSaintGeorgesBeauce,378831002175138,#378831002175138,299,91279,"305,3",non
Îles de la Madeleine,portaililesdelamadeleine,99849916217,#99849916217,298,94857,"318,3",non
Mario Beaulieu,mariobeaulieu101,100044349435134,#100044349435134,297,164975,"555,5",non
"Martin Latulippe, CSp",MartinLatulippeCSp,241817470603,#241817470603,297,97155,"327,1",non
Silo 57,silo57,609085822623089,#609085822623089,296,127685,"431,4",non
Ta vie en texto,Tavieentexto,223228547765912,#223228547765912,295,296576,"1005,3",non
Conservative Party of Canada - Parti conservateur du Canada,cpcpcc,5661704203,#5661704203,295,246202,"834,6",non
Adornetto,adornettogalerie,114447922238262,#114447922238262,294,138230,"470,2",non
Vie de Parents,Viedeparents.ca,203061946801339,#203061946801339,291,215101,"739,2",non
CHAU Nouvelles,CHAUNouvelles,154210758084122,#154210758084122,289,92695,"320,7",non
Mélissa Normandin Roberge: Conférencière et Coach,melissanormandinroberge,723572717745582,#723572717745582,288,195347,"678,3",non
"Evelyne Ferron, historienne",Evelynehst,1586766604919606,#1586766604919606,288,69809,"242,4",non
Hypersensibles et empathes,Hypersensibles,484097948382583,#484097948382583,285,612083,"2147,7",non
Joelle Collection,joelledesaulniersstyliste,388179931289814,#388179931289814,285,166137,"582,9",non
Magazine La Semaine,magazinelasemaine,302171686505596,#302171686505596,284,195446,"688,2",non
Fédération des Québécois de souche,Fquebecoisdesouche,184391164917258,#184391164917258,284,62249,"219,2",non
Visitez Montréal / Visit Montréal,Montreal,345444881269,#345444881269,283,522489,"1846,3",non
Fanoweb,Fanoweb,264064142975,#264064142975,283,64814,229,non
Nature en vue - Eric Deschamps Photographie,natureenvue2,1141711569208995,#1141711569208995,282,719399,"2551,1",non
Piranha Club,Piranha.Club,101001288068868,#101001288068868,281,519641,"1849,3",non
Dr Sophie Maffolini,sophiemaffolini,1565006373808401,#1565006373808401,280,100948,"360,5",non
La Fabrique Crépue,lafabriquecrepue,1425897517627579,#1425897517627579,276,110846,"401,6",non
Andrew Scheer,AndrewScheerMP,120693171297777,#120693171297777,274,556269,"2030,2",non
"Ministère des Forêts, de la Faune et des Parcs",ForetsFauneParcs,248207568702612,#248207568702612,274,139916,"510,6",non
L'actualité,lactualite,10216458583,#10216458583,274,130795,"477,4",oui
Kraft Canada - qu'est-ce qui mijote,questcequimijote,132788024101,#132788024101,273,91005,"333,4",non
Raphael Lessard,raphaellessardracing,1537312093179112,#1537312093179112,272,137615,"505,9",non
La page TDAH,PageTDAH,710710035737900,#710710035737900,271,844021,"3114,5",non
Souldia,SouldiaCompteOfficiel,458373947548692,#458373947548692,271,281166,"1037,5",non
Annie Blanchard,AnnieBlanchardMusic,100044456168506,#100044456168506,271,214628,792,non
Guylaine Tanguay,GuylaineTanguayChanteuse,100044406760326,#100044406760326,271,209641,"773,6",non
Ygreck,ygreck.caricature,100044260304773,#100044260304773,271,198543,"732,6",non
Fondation David Suzuki,fondationdavidsuzuki,168889579973,#168889579973,271,146442,"540,4",non
Tourisme Côte-Nord,tourismecotenord,613352892084693,#613352892084693,270,113595,"420,7",non
Bavardist,bavardist,1842970359144944,#1842970359144944,268,63791,238,non
Spotted : Dash Cam Québec,DashCamQC,360020580804145,#360020580804145,267,209023,"782,9",non
100 mots,100mots,100044233893791,#100044233893791,267,182955,"685,2",non
FM93 Québec,fm93quebec,129084380484268,#129084380484268,265,110362,"416,5",oui
Scientifique en chef du Québec,SciChefQC,348429268832817,#348429268832817,264,79181,"299,9",non
ICI Tou.tv,icitoutv,283043589881,#283043589881,263,331115,1259,non
Marocains du Canada,marocainsducanada.ca,179763628701147,#179763628701147,263,68528,"260,6",non
Christine Labrie,ChristineLabrieQS,163314057656374,#163314057656374,262,163762,625,non
Le Tricheur,letricheur,275748899129689,#275748899129689,261,435359,1668,non
Les Trouvailles de Sarah,lestrouvaillesdesarah,250818748434212,#250818748434212,260,424504,"1632,7",non
Le Coup de Grâce,lecoupdegrace.ca,638843516189568,#638843516189568,260,65059,"250,2",non
Wooloo par Caroline Savard,wooloo.ca,100044303535448,#100044303535448,259,126892,"489,9",non
Joli Joli Design,jolijolidesign,252504374950166,#252504374950166,259,108035,"417,1",non
Taktika,taktika,100044213390641,#100044213390641,259,98850,"381,7",non
ICI Ontario,iciontario,107649125949772,#107649125949772,259,74939,"289,3",oui
"FM 103,3 - La radio allumée",fm1033,110821378937188,#110821378937188,258,111007,"430,3",oui
CHU Sainte-Justine,ChuSteJustine,318701186492,#318701186492,258,97751,"378,9",non
Club de hockey L'Océanic de Rimouski,oceanicrimouski,128122187216862,#128122187216862,258,76780,"297,6",non
Infoman,infomantv,133066930080591,#133066930080591,257,310946,"1209,9",non
Mike Ward,MikeWardca,24049228589,#24049228589,257,261741,"1018,4",non
La Maison Lavande,maisonlavande,219362388086075,#219362388086075,257,217230,"845,3",non
Nicolas Duvernois - Pur Entrepreneur,NicolasDuvernoisPURentrepreneur,683835938304974,#683835938304974,256,160927,"628,6",non
Jérémy Sourdril,JeremySourdril,100044159453266,#100044159453266,255,426650,"1673,1",non
La légende de Bob Gratton,lebiscuitchinois2,504924919573184,#504924919573184,254,80348,"316,3",non
L'Hebdo du St-Maurice,lhebdodustmaurice,245901508753940,#245901508753940,254,71999,"283,5",oui
Phœnix Sherbrooke,phoenixsherbrooke,304629796228734,#304629796228734,254,66732,"262,7",non
Sylvain Gaudreault,SylvainGaudreaultPQ,33121109546,#33121109546,253,73214,"289,4",non
Tout le monde en parle,ToutlemondeenparleRC,112565155447457,#112565155447457,252,290271,"1151,9",non
Trois fois par jour,TROISFOISPARJOUR.OFFICIEL,421915911236725,#421915911236725,250,350864,"1403,5",non
Ville de Trois-Rivières,villetroisrivieres,228500857634863,#228500857634863,250,92052,"368,2",non
www.HOCKEY30.com,Hockey30,156422217196,#156422217196,250,70531,"282,1",non
Sûreté du Québec - page officielle.,policesureteduquebec,231840506883227,#231840506883227,249,330613,"1327,8",non
Maman caféine,Mamancafeine,100044251068260,#100044251068260,247,370961,"1501,9",non
Le Reflet du Lac,LeRefletduLac,120816134637957,#120816134637957,245,73138,"298,5",oui
Alain Rayes,alainrayes,223543244377689,#223543244377689,245,70369,"287,2",non
Nous aimons la CAQ et nous appuyons la CAQ,confiancelegaultscheer,1935896750048364,#1935896750048364,245,52893,"215,9",non
DanieleHenkel.tv,danielehenkeltv,194556130663853,#194556130663853,243,328202,"1350,6",non
Spotted celibataire,SpottedCelibataire18,199558200219793,#199558200219793,243,208181,"856,7",non
Arrondissement de Rosemont - La Petite-Patrie,arrondissementRPP,115676515176276,#115676515176276,243,114483,"471,1",non
Olivier Niquet,niquetolivier,9936886137,#9936886137,242,86770,"358,6",non
SOPFEU-Page officielle,SOPFEU,175287449151081,#175287449151081,240,132979,"554,1",non
Centre Tao,centretaonancy,106838953044283,#106838953044283,240,109430,456,non
Journal Le Lac-St-Jean,lelacstjean,"1,01501125855857E+016",#10150112585585724,240,80727,"336,4",oui
Néomédia Vaudreuil-Soulanges,neomediavaudreuilsoulanges,1640213986214892,#1640213986214892,240,73367,"305,7",oui
Parole de femmes,ParoleDeFemmesEmci,1691370931126620,#1691370931126620,240,51637,"215,2",non
ASTROLab du parc national du Mont-Mégantic,MontMegantic,137058673012042,#137058673012042,239,109427,"457,9",non
Le Québec Matin,lequebecmatin,682636768432850,#682636768432850,239,89310,"373,7",non
Radio Gaspésie,radiogaspesie,224522047597579,#224522047597579,237,61779,"260,7",oui
Martin duhamel,mduhamelkids,100044554624211,#100044554624211,236,131008,"555,1",non
Journal Le Canada Français,lecanadafrancais,255561392521,#255561392521,236,110955,"470,1",oui
Spotted: Levis,spottedlevis,575810589129160,#575810589129160,236,73535,"311,6",non
Karine Champagne,KarineMVChampagne,100044180061767,#100044180061767,235,142565,"606,7",non
Remparts de Québec,rempartsdequebec,102401599817041,#102401599817041,235,104807,446,non
FAE,lafae.qc.ca,182888094401,#182888094401,235,89570,"381,1",non
Look du jour,lookdujourca,661324217347071,#661324217347071,233,126128,"541,3",non
Emilie Robidas,emiliecoach,263957017063528,#263957017063528,233,116895,"501,7",non
CISSS de Chaudière-Appalaches,cisssca12,1688890854725608,#1688890854725608,233,77111,"330,9",non
Le Jeu C'est Sérieux,JeuSerieux,365157990220496,#365157990220496,231,118780,"514,2",non
106.9 FM Mauricie,fm.mauricie,343611139056789,#343611139056789,231,75168,"325,4",oui
Hockey Le Magazine,hockeymagazine,116769008486945,#116769008486945,231,52354,"226,6",non
Truck Stop Quebec,truckstopquebec,52225529415,#52225529415,230,101232,"440,1",non
Spotted : Longueuil,450SpottedLongueuil,438311612934122,#438311612934122,230,70438,"306,3",non
MoniikaaZ Impacteuse,Impacteuse,104786760965585,#104786760965585,228,212505,932,non
Fait au Québec,FaitAuQuebec,469526209764933,#469526209764933,228,192288,"843,4",non
Marylène Coulombe,marylenecoulombemedium,149043215199745,#149043215199745,228,132032,"579,1",non
Sol Zanetti,solzanettiqs,170209540348018,#170209540348018,228,122125,"535,6",non
Fédération des syndicats de l'enseignement (FSE-CSQ),FSECSQ,195260293845632,#195260293845632,228,80627,"353,6",non
Atchoum the cat,Atchoumthecat,972103262805506,#972103262805506,227,286819,"1263,5",non
Fruiter,memesfruiter,1082032898524375,#1082032898524375,226,273674,"1210,9",non
Courrier Frontenac,CourrierFrontenac,126740077384190,#126740077384190,224,63991,"285,7",oui
Sam fait rire,samfaitrire,286288818228851,#286288818228851,223,172058,"771,6",non
Avril Supermarché Santé,AvrilSupermarche,36355079058,#36355079058,223,59713,"267,8",non
Adil Charkaoui - عادل الشرقاوي,Charkaoui.Adil1,746182248836477,#746182248836477,222,128465,"578,7",non
Rezo Nodwes,rezonodwes,151285424930511,#151285424930511,220,104608,"475,5",non
FOLIA Design,FoliaDesign,108794872562454,#108794872562454,220,71774,"326,2",non
Sous Écoute,sousecoute,1111309705552440,#1111309705552440,219,84152,"384,3",non
Institut économique de Montréal,institut.economique.de.montreal,151415004877917,#151415004877917,218,62999,289,non
Musée national des beaux-arts du Québec (MNBAQ),mnbaq,218449602673,#218449602673,217,92043,"424,2",non
Josée V2.0,JOSEERivardpatrioteQc,100044156723589,#100044156723589,216,49779,"230,5",non
Petits monstres en folie,par.juliedesjardins,100044552494322,#100044552494322,215,384278,"1787,3",non
Governor General of Canada,GovernorGeneralCanada,158233954201949,#158233954201949,215,73785,"343,2",non
"Libre, Zen et Heureux",librezenetheureux,1072549796117275,#1072549796117275,212,195889,924,non
VoyageVoyage,voyagevoyage.ca,186467778069915,#186467778069915,212,116142,"547,8",non
ONF,onf.ca,8098079727,#8098079727,210,99289,"472,8",non
King Maliba,king.maliba.officiel,1444561645818120,#1444561645818120,210,67177,"319,9",non
Erin O'Toole,erinotoolecpc,346272215464826,#346272215464826,209,266651,"1275,8",non
Catherine Fournier,CathFournierQc,1442353122683650,#1442353122683650,209,175261,"838,6",non
Société Saint-Jean-Baptiste de Montréal,SSJBM,310636555680514,#310636555680514,209,70548,"337,6",non
Rassemblement pour la laïcité,rassemblementlaicite,410722305696577,#410722305696577,209,43511,"208,2",non
Bonjour Québec,tourismequebec.fr,110116996992732,#110116996992732,207,406679,"1964,6",non
Mélanie Joly,melanie.joly.965,1407185619590965,#1407185619590965,206,58262,"282,8",non
LHJMQ,LHJMQPageOfficielle,137460652932438,#137460652932438,206,54005,"262,2",non
Canadian Coalition for Firearm Rights,CanadianCoalitionforFirearmRights,215496085497522,#215496085497522,204,92401,"452,9",non
Florence K,florencekmusic,100044170462541,#100044170462541,203,157525,776,non
Deli Cuisine,DeliCuisineOfficiel,109983577299794,#109983577299794,202,2948899,"14598,5",non
Radio Ecoute FM,radioecoutefm,135443157326238,#135443157326238,202,187070,"926,1",non
Plaisir et Bien-Être,plaisiretbienetremediaweb,1428340240734249,#1428340240734249,202,184611,"913,9",non
Aventure Chasse Pêche,magazine.aventure,127828650567474,#127828650567474,202,63049,"312,1",non
Immigration et Citoyenneté Canadienne,CitImmCanFR,1562729973959056,#1562729973959056,202,50120,"248,1",non
Direction de santé publique de la Montérégie,DSPMonteregie,466153990404430,#466153990404430,201,88863,"442,1",non
Service de police de l'agglomération de Longueuil,PoliceSpal,921088497907967,#921088497907967,201,85657,"426,2",non
107.7 Estrie,1077fm,335968163160985,#335968163160985,201,49886,"248,2",oui
Jagmeet Singh,jagmeetndp,177161812331407,#177161812331407,200,171709,"858,5",non
Canadiens en santé,CANenSante,160504807323251,#160504807323251,199,109110,"548,3",non
"IGA, Vive la bouffe",vivelabouffe,131543356857030,#131543356857030,198,227665,"1149,8",non
Jean-Philippe Dion,JeanPhilippeDionOfficiel,100044439879410,#100044439879410,196,234382,"1195,8",non
ÉNORME,enormee,871300759675432,#871300759675432,195,176824,"906,8",non
Jerr allain,JerrGangsterAllain,100044598092005,#100044598092005,195,92947,"476,7",non
Chantal Lacroix,animatrice.Chantal.Lacroix,203238496421082,#203238496421082,194,564667,"2910,7",non
Ville de Montréal,mtlville,182645321760265,#182645321760265,194,168065,"866,3",non
Bat bravo pou la jenes,Batbravopoulajenes,113202370349985,#113202370349985,193,840637,"4355,6",non
Urgences-santé,corporationdurgencessante,168326050475379,#168326050475379,193,166299,"861,7",non
Hugo Dumas,hugodumas,1555846474652468,#1555846474652468,193,103323,"535,4",non
Radio-Canada Techno,radiocanadatechno,157420337629545,#157420337629545,192,80049,"416,9",oui
Joaillerie Zimm'S,joailleriezimms,251494223268,#251494223268,192,74098,"385,9",non
ONFR+,tfoONfr,101341720011488,#101341720011488,192,72868,"379,5",non
Tatouage Marty's Shop montreal,martyshopmontreal,134306780333682,#134306780333682,191,128554,"673,1",non
Jean-François Roberge - député de Chambly,roberge.chambly,369053516449628,#369053516449628,190,78498,"413,1",non
Ville de Laval,villedelavalpageofficielle,200948603252723,#200948603252723,190,66542,"350,2",non
Souad Daoudi Hypnothérapeute,hypnotherapeutecasablanca,1410728605721448,#1410728605721448,190,45598,240,non
Spotted N'importe Quoi,spotted.nimportequoi.1,1575333519356008,#1575333519356008,189,216740,"1146,8",non
Marc Hervieux,marchervieuxartiste,145272348866144,#145272348866144,189,145311,"768,8",non
Baldé Mariana,marianadjelo,100047300224072,#100047300224072,188,326524,"1736,8",non
"Horacio, notre héros",heroshoracio,102034328104978,#102034328104978,188,158790,"844,6",non
Véronique Cloutier,VeroPageOfficielle,101255889925920,#101255889925920,187,313176,"1674,7",non
Huskies de Rouyn-Noranda,HuskiesRN,209679419073464,#209679419073464,187,50300,269,non
Les Révoltés du Québec,LRDQuebec,1386662408231854,#1386662408231854,186,339506,"1825,3",non
Les enfants de la télé,lesenfantsdelatele,136417356400871,#136417356400871,186,88977,"478,4",non
Ismael le MaroQcain d'icitte,ismaellemaroqcaindicitte,376594242952178,#376594242952178,186,78196,"420,4",non
Saguenéens de Chicoutimi,SagueneensDeChicoutimi,148082151894449,#148082151894449,186,48546,261,non
Christian Hébert,ChristianHebertQc,136463130452634,#136463130452634,186,38778,"208,5",non
Isabelle Thériault,isabelle.liberale,797715070408673,#797715070408673,185,66648,"360,3",non
En direct de l'univers,endirectdelunivers,109211635804635,#109211635804635,184,943530,"5127,9",non
Guy Nantel,GuyNantelOfficiel,205597715769,#205597715769,184,187120,1017,non
Service de police de la Ville de Montréal - SPVM,SPVMpolice,518989818298491,#518989818298491,184,139546,"758,4",non
RAssemblement NAtional Africain - RANAA,RANAANiger,106892904120280,#106892904120280,184,89181,"484,7",non
Pèse sur Start,pesesurstart,1675329666071460,#1675329666071460,184,48169,"261,8",oui
Pascal Bérubé,PascalBerubePQ,432196533594767,#432196533594767,183,126420,"690,8",non
ICI ARTV,iciartv,20702338817,#20702338817,182,160299,"880,8",non
Amnistie Internationale Canada Francophone,AmnistieCA,179642688739082,#179642688739082,182,80417,"441,9",non
Play Mizik,playmizik,484323278313183,#484323278313183,181,121100,"669,1",non
CHUM,chum.montreal,151020326806,#151020326806,181,55807,"308,3",non
Man Lemire,ManLemire,100044280497155,#100044280497155,180,76537,"425,2",non
Maxime Victor,entrepreneuriat,194227187852,#194227187852,180,75315,"418,4",non
Journal L'Action,journallaction,282075260681,#282075260681,180,68009,"377,8",oui
bossbens show,bossbensshow,273702292659558,#273702292659558,177,170602,"963,9",non
Coup de pouce,coupdepouce,148988156276,#148988156276,176,93483,"531,2",oui
Les Fabuleuses - Créations Québécoises,lesfabuleusescreations,1734755899917516,#1734755899917516,176,68521,"389,3",non
Mammifères marins de la Côte-Nord,MammiferesMarinsDeLaCoteNord,422066407840198,#422066407840198,176,52241,"296,8",non
Questions Réponses QcTop.com,Reponses.QcTop,160088027334865,#160088027334865,176,44017,"250,1",non
La Voix,lavoixtva,272493026179546,#272493026179546,175,172958,"988,3",non
Préparation Physique Football,preparationphysiquefootball,530259557167030,#530259557167030,175,99281,"567,3",non
FOOT 24/24h,ysaleck607,105882217488966,#105882217488966,175,96363,"550,6",non
Tourisme Gaspésie,tourismegaspesie,28103937012,#28103937012,175,83092,"474,8",non
L'Avantage Gaspésien,avantagegaspesien,250789524180,#250789524180,175,48102,"274,9",oui
Tourisme Cantons-de-l'Est,cantonsdelest,202469982914,#202469982914,175,47873,"273,6",non
Arbonne Canada,arbonnecanadaofficial,150509971707112,#150509971707112,175,35277,"201,6",non
Cette année-là,CetteanneelaTQc,419532588492496,#419532588492496,174,248038,"1425,5",non
Une autre histoire,UneautrehistoireRC,470175909701358,#470175909701358,174,84012,"482,8",non
"Je suis le Chemin, La Vérité ET La VIE",lecheminlaverite,704671503012270,#704671503012270,173,264317,"1527,8",non
Mathieu Lacombe - Député de Papineau à l'Assemblée nationale du Québec,MathieuLacombeCAQ,409349336260183,#409349336260183,173,176460,1020,non
Saskia Thuot,ThuotSaskia,100044561070806,#100044561070806,173,168734,"975,3",non
Annie Dufresne,anniedufresnerock,100044579612984,#100044579612984,173,76258,"440,8",non
Le canadien de Montréal,lecanadiendemontreal,101483608038671,#101483608038671,173,67253,"388,7",non
Ville de Longueuil,VilleDeLongueuil,422826551061658,#422826551061658,173,64862,"374,9",non
Cataractes de Shawinigan,CataractesDeShawinigan,331240133606176,#331240133606176,172,41143,"239,2",non
Josée Lavigueur,JoseeLavigueurofficiel,100044461148303,#100044461148303,171,170802,"998,8",non
Véronique Hivon,veroniquehivon,40953617216,#40953617216,171,101959,"596,3",non
Pratico-Pratiques,PraticoPratiques,102113243167838,#102113243167838,171,52402,"306,4",non
"Plus on est de fous, plus on lit",plusonlit,100353873401905,#100353873401905,170,130250,"766,2",non
Hockey Québec,HockeyQuebecOfficielle,1574938079430294,#1574938079430294,170,90501,"532,4",non
105.3 Rouge,1053Rougefm,138064182948159,#138064182948159,170,66613,"391,8",non
Dixquatre.com,DixQuatrecom,1475935466025661,#1475935466025661,170,58115,"341,9",non
Partage le bonheur,KoalaQuizPartageLeBonheur,249466952092273,#249466952092273,170,33871,"199,2",non
L'amour est dans le pré,lamourestdanslepre,194919677225496,#194919677225496,169,271000,"1603,6",non
Tu es le chantier de Dieu,EnseignementsSpirituels,1101715026532715,#1101715026532715,168,194919,"1160,2",non
BBQ Québec,BBQquebec,228479977252532,#228479977252532,168,89686,"533,8",non
Horizon Health Network/Réseau de santé Horizon,HorizonNB,120963024660628,#120963024660628,168,63288,"376,7",non
Club de Foot Montréal,ClubdeFootMTL,116861190978,#116861190978,167,113380,"678,9",non
Akroche Tatuk,AkrocheTatuk,250050815071103,#250050815071103,167,69827,"418,1",non
Nature Québec,naturequebec,167559993283868,#167559993283868,167,53379,"319,6",non
Élevage Cochons miniatures,cochonsminiatures,224248547608614,#224248547608614,166,184310,"1110,3",non
Mélanie Maynard,maynardmelanie,116939108370949,#116939108370949,166,139685,"841,5",non
Lingerie Emma,Boutique.Emma.Repentigny,151251994892700,#151251994892700,166,74541,449,non
TVA Est-du-Québec,tvaestduquebec,134592973261866,#134592973261866,166,52417,"315,8",oui
Stéphanie Bédard,StephanieBedardOfficiel,124220227685083,#124220227685083,165,55392,"335,7",non
Juste pour rire,justepourrire,8700839925,#8700839925,164,278767,"1699,8",non
Parti libéral du Québec,LiberalQuebec,158881997478101,#158881997478101,164,53632,327,non
L'info du Nord Mont-Tremblant,linfodunordmt,202538623095602,#202538623095602,164,43645,"266,1",oui
Zoo de Granby,zoogranby,284945950511,#284945950511,163,103042,"632,2",non
Fanadiens.com,FanadiensExpress,507104925998745,#507104925998745,163,48123,"295,2",non
spotted: Varennes,spottedvarennes,213750742116815,#213750742116815,163,37268,"228,6",non
ÉNERGIE 98.9,quebec989,96507982021,#96507982021,162,78928,"487,2",non
La soirée est (encore) jeune,lasoireeestencorejeune,439261136102998,#439261136102998,162,74674,461,non
Loounie Cuisine,loounie,100044446059051,#100044446059051,161,71752,"445,7",non
Sucrerie Du Domaine-Prêt à manger-Casse croûte,sucreriedudomaine,1376112149379475,#1376112149379475,161,55741,"346,2",non
Adrien Pouliot,adrienpouliotpcq,405936282824547,#405936282824547,161,45463,"282,4",non
Mon Matane,nouvelles.chrmchoematane,351524758377662,#351524758377662,161,33667,"209,1",non
Ville de Sherbrooke,villedesherbrooke,210955295720552,#210955295720552,160,48851,"305,3",non
Rafaa 156,rafaa156officiel,838965286151328,#838965286151328,159,196026,"1232,9",non
ELLE QUÉBEC,ellequebec,97310144747,#97310144747,159,116195,"730,8",oui
Dominique Anglade,DomAnglade,1694841994085399,#1694841994085399,159,94847,"596,5",non
Chassomaniak,chassomaniak,120557754711394,#120557754711394,159,73859,"464,5",non
GO HABS GO,gohabsgo,123535304324047,#123535304324047,157,90173,"574,4",non
Rouge et Or,rougeetor,31814051522,#31814051522,157,38954,"248,1",non
L'Échappée,lechappeeTVA,1606210693028892,#1606210693028892,156,136082,"872,3",non
Citoyens au Pouvoir du Québec,particitoyensaupouvoir,208840802534712,#208840802534712,156,110667,"709,4",non
Ordre des infirmières et infirmiers du Québec | OIIQ,OIIQSante,357462911680,#357462911680,156,81150,"520,2",non
Ville de Drummondville,villedrummondville,430090793749538,#430090793749538,156,51869,"332,5",non
Zoo sauvage de Saint-Félicien,zoosauvage,170807545316,#170807545316,155,1804811,"11643,9",non
Spotted: Montreal,spottedmtl1,616077881741895,#616077881741895,155,58332,"376,3",non
Peter MacKay,PeterGMacKay,104817488512,#104817488512,155,47084,"303,8",non
Sommet Saint-Sauveur,SommetSaintSauveur,112984372081880,#112984372081880,154,64151,"416,6",non
Isabelle Huot Docteure en nutrition,huotisabelle,286789974650,#286789974650,154,58918,"382,6",non
Fans des Canadiens de Montréal,FansDesCanadiensMTL,209744905716771,#209744905716771,154,58164,"377,7",non
Protégez-Vous,protegezvous,131271093563675,#131271093563675,154,53902,350,oui
Ça c'est drôle,cacestdrole,264081973653866,#264081973653866,154,44240,"287,3",non
finances-africa.com,financesafrica2,222807194766059,#222807194766059,153,252619,"1651,1",non
David Jalbert,jalbertdavid,100044420406686,#100044420406686,153,52597,"343,8",non
Farfadet,FarfadetBeat,119212868138598,#119212868138598,153,46320,"302,7",non
Rad,radpointca,115457012314003,#115457012314003,152,228726,"1504,8",oui
Pierre-Yves McSween,pymcsween,100044474048113,#100044474048113,151,131795,"872,8",non
"Gravel dans le retour - Radio X 98,1",Gravel.dans.le.retour.radiox.CHOI981,118869274694,#118869274694,151,50719,"335,9",non
La Voix du Sud,lavoixdusud,120815214216,#120815214216,151,35510,"235,2",oui
7 jours sur Terre,7jourssurterre,1856281401056181,#1856281401056181,150,315805,"2105,4",non
Le Grand défi Pierre Lavoie,LeGDPL,79025334648,#79025334648,150,92562,"617,1",non
STM - Mouvement collectif,stminfo,191905614796,#191905614796,150,80054,"533,7",non
Équiterre,equiterre,117926081552324,#117926081552324,150,55540,"370,3",non
Tous contre un registre Québécois des armes à feu,TousContreUnRegistreQuebecoisDesArmesAFeu,336112259789071,#336112259789071,149,85664,"574,9",non
Vibrasyon Lakay,VibLakay,331772707438971,#331772707438971,149,38165,"256,1",non
Maxim Martin,maximmartin2m,49570139113,#49570139113,147,156294,"1063,2",non
Hydro-Québec,hydroquebec1944,171274232888795,#171274232888795,147,141787,"964,5",non
SPCA de Montréal,SPCAMontreal,111247368896474,#111247368896474,147,97139,"660,8",non
Genevieve Leclerc,GenevieveLeclercOfficiel,100044589872237,#100044589872237,147,58893,"400,6",non
Ottawa Police Service - Service de police d'Ottawa,OttawaPoliceService,156218914400984,#156218914400984,147,46611,"317,1",non
Y'a du monde à messe,yadumondeamesse,1896975353852063,#1896975353852063,147,46290,"314,9",non
Christian Marc Gendron,christian.marc.musique,150218905016001,#150218905016001,146,246631,"1689,3",non
Daniel Grenier - SOLO,DanielGreniersolo,273614199480004,#273614199480004,146,83950,575,non
Spotted St-Lin Laurentides,SpottedSaintLinLaurentides,202401539883965,#202401539883965,146,70639,"483,8",non
"Bromont, montagne d'expériences",Bromontmontagnedexperiences,184432300594,#184432300594,146,62913,"430,9",non
Trudeau ne me représente pas,nonatrudeau,556273724435873,#556273724435873,146,53602,"367,1",non
Le Souffleur De Sons,lesouffleurdesons,100050636102666,#100050636102666,146,43260,"296,3",non
Marthe Laverdière,marthelaverdiere,100044537075546,#100044537075546,145,184727,1274,non
Auberge du Lac Taureau,aubergedulactaureau,98666208160,#98666208160,145,168626,"1162,9",non
Recettes des amis,RecettesDesAmis,207193996080676,#207193996080676,145,115694,"797,9",non
Les Mauvaises Herbes - Les Trappeuses,lestrappeuses,164239587106721,#164239587106721,145,50409,"347,6",non
Le Placoteux,LePlacoteux,198240006859059,#198240006859059,145,33548,"231,4",oui
Ottawa and Valley Lost Pet Network,lostpetnetwork,451193091610145,#451193091610145,145,28034,"193,3",non
Super C,superc.ca,1662807310630794,#1662807310630794,144,149462,"1037,9",non
La semaine verte,semaineverte,47898945976,#47898945976,144,67515,"468,9",oui
Université de Montréal,umontreal,14096350493,#14096350493,144,51624,"358,5",non
"CHGA FM, la radio de la Vallée-de-la-Gatineau",chga.fm,186575453743,#186575453743,143,34863,"243,8",oui
St-Hubert,sthubert,197593146918232,#197593146918232,142,106401,"749,3",non
CISSS de Laval,cissslaval,137795909612593,#137795909612593,142,44182,"311,1",non
Rythme 93.7 et 98.1,rythme937et981,130198797025166,#130198797025166,142,38568,"271,6",non
Serres Li-Ma,serreslima,134868556588323,#134868556588323,141,498606,"3536,2",non
Les Mères Testeuses par Marie-Josée,merestesteuses,100044423859736,#100044423859736,141,216124,"1532,8",non
Service de police de Laval,policeLaval,212671012136381,#212671012136381,141,76347,"541,5",non
ÉNERGIE 98.7,rimouski987,95520356481,#95520356481,141,74599,"529,1",non
L'Hebdo Journal,hebdojournal,146779575365794,#146779575365794,141,53318,"378,1",oui
Voltigeurs de Drummondville,voltigeurs.dedrummondville,311049205669273,#311049205669273,141,35470,"251,6",non
MTL Blog,MTLBlog,254768477928383,#254768477928383,140,58549,"418,2",non
Québec en tête,quebecentete,371804936189406,#371804936189406,140,45848,"327,5",non
Alexandre Boulerice,alexandreboulerice,100044523725768,#100044523725768,140,41679,"297,7",non
Authentik Canada,AuthentikCanada,271989675793,#271989675793,139,219349,"1578,1",non
Alexandre Champagne,AlexandreChampagneOfficiel,100044515683075,#100044515683075,139,200708,"1443,9",non
Fondation CHU Sainte-Justine,fondationsaintejustine,179832233024,#179832233024,139,169173,"1217,1",non
Je suis Québécois(e) et fier de l'être !,quebecois.et.fier,210376290890,#210376290890,139,66131,"475,8",non
Monsef Derraji - Député de Nelligan,derrajimonsef,109577496366277,#109577496366277,139,50961,"366,6",non
Verset du jour en image,emBible,415673495235673,#415673495235673,138,196580,"1424,5",non
Lendemain de veille,lendemainveille,153934274650956,#153934274650956,138,142659,"1033,8",non
Michel Jean,MichelJeanOfficiel,100044566491143,#100044566491143,138,54005,"391,3",non
Fondation Dr Clown,fondationdrclown,127127110792439,#127127110792439,138,40541,"293,8",non
Création CP le chemin du plaisir,boutiquecreationcp,226166237520574,#226166237520574,137,89048,650,non
Mélanie Bilodeau Psychoéducatrice • Périnatalité/petite enfance,MelanieBilodeauPsychoeducatrice,1551148505203131,#1551148505203131,137,78368,572,non
Madame Labriski,MadameLabriski,100044574243334,#100044574243334,137,71734,"523,6",non
BeauceTV,BeauceTV,229038183778245,#229038183778245,137,51142,"373,3",non
Mathieu Cyr,lapagemathieucyr,22643198558,#22643198558,136,463754,3410,non
BS page fans,bspagefans,241477172863915,#241477172863915,136,140158,"1030,6",non
Nicola Ciccone,nicolacicconepage,951912201506610,#951912201506610,136,75323,"553,8",non
Au Pied de Cochon,aupieddecochonmtl,154375681412448,#154375681412448,136,66620,"489,9",non
Émilise Lessard-Therrien,Emiliselt,634243593585228,#634243593585228,136,51383,"377,8",non
Le jardin de mes pensées,LeJardindemespensees,852566584832133,#852566584832133,136,36923,"271,5",non
Réalise ta Vie,realisezvous,115881421909830,#115881421909830,136,27412,"201,6",non
2Frères,2freres,100044611711375,#100044611711375,135,112208,"831,2",non
L'épicerie,lepicerie,23464139596,#23464139596,135,54012,"400,1",oui
"David Goudreault-Auteur, etc.",Goudro,136666549729843,#136666549729843,134,94657,"706,4",non
Veille sur toi,VeilleSurToi,144346032406938,#144346032406938,134,82477,"615,5",non
Unpointcinq,unpointcinq,106365669977985,#106365669977985,134,37192,"277,6",oui
Refuge animal,refugeanimal,1381757398725362,#1381757398725362,133,186387,"1401,4",non
Marina Orsini: 5 chefs dans ma cuisine,5chefsdansmacuisine,786465841452345,#786465841452345,133,61164,"459,9",non
Dr. Hamidou Mamadou Abdou,DrHamidouMamadouAbdou,102890958031258,#102890958031258,133,49819,"374,6",non
CIUSSS du Saguenay−Lac-Saint-Jean,SanteSagLac,103462603090360,#103462603090360,133,48481,"364,5",non
Océan de Grâce,oceandegrace.Tv.Officiel,168108303887448,#168108303887448,132,119477,"905,1",non
Laurence Jalbert - Page officielle,pageofficielle.laurencejalbert,100044376491717,#100044376491717,132,102334,"775,3",non
La vraie nature,Lavraienature,1986247378261396,#1986247378261396,132,100624,"762,3",non
Desjardins,desjardins,168724059831514,#168724059831514,132,84578,"640,7",non
Boulangerie Pâtisserie Artisanales - deux gars dans l'pétrin -,deuxgarsdanslepetrin,237077586482311,#237077586482311,132,31139,"235,9",non
FTQ-Construction,ConstructionFTQ,166936194129,#166936194129,131,50409,"384,8",non
Le Canada se Souvient,LeCanadasesouvient,166091507144,#166091507144,131,27683,"211,3",non
Maxi,maxi,867815176682349,#867815176682349,130,284411,"2187,8",non
National Arts Centre / Centre national des Arts,CanadasNAC.CNAduCanada,205712909516,#205712909516,130,138806,"1067,7",non
Si on s'aimait,sionsaimaitTVA,111238502344525,#111238502344525,130,51820,"398,6",non
Ruba Ghazal,RubaGhazalQS,100044150933821,#100044150933821,130,41913,"322,4",non
Service de police de la Ville de Gatineau,policegatineau,258889977469621,#258889977469621,129,79354,"615,1",non
Samuel Côté-Sculpture sur panache & Antler carving,sculpturesurpanache,100044419239816,#100044419239816,129,51884,"402,2",non
L'info du Nord Sainte-Agathe,linfodunordsa,246782525678,#246782525678,129,35380,"274,3",oui
Madic 100 frontière,mamadi.conde17,2024022411153085,#2024022411153085,128,517203,"4040,6",non
François Pérusse,francois.perusse,100044180331806,#100044180331806,128,161853,"1264,5",non
Denis Trudel,DenisTrudel2019,309071312609489,#309071312609489,128,37071,"289,6",non
Adoption Chats Sans Abri,centreacsa,229626471449,#229626471449,128,31406,"245,4",non
Hugo Roth Raza,HugoRothRaza,114186935407497,#114186935407497,127,190549,"1500,4",non
Le Massif de Charlevoix,LeMassifdeCharlevoix,135161319890,#135161319890,127,59529,"468,7",non
Marco Mendicino,marcoelmendicino,809694542420262,#809694542420262,127,40091,"315,7",non
L'Éclaireur Progrès,leclaireurprogres,120296008004909,#120296008004909,127,30813,"242,6",oui
Québec Issime,quebecissime,236448033051120,#236448033051120,126,80635,640,non
BLVD 102.1,BLVD1021,150432825297809,#150432825297809,126,56862,"451,3",non
Université Laval,ulaval.ca,187350531968,#187350531968,126,36066,"286,2",non
Élite presse,Elitepressealgerie,273701342693128,#273701342693128,125,122001,976,non
Paul Arcand,PaulArcand.985,967377443435189,#967377443435189,125,91150,"729,2",non
L'USINE,lusinequebec,341218135978220,#341218135978220,125,59814,"478,5",non
Ton petit look,tonpetitlook,117268674998646,#117268674998646,125,44094,"352,8",non
Hebdomadaire La Revue de Terrebonne,revueterrebonne,107310330253,#107310330253,125,40165,"321,3",oui
Équilibre,equilibre.net,624700294315387,#624700294315387,125,35515,"284,1",non
Jean Coutu,JeanCoutu,321409064623501,#321409064623501,124,126422,"1019,5",non
Chanceux.ca - Concours en ligne,ConcoursChanceux,691396680968434,#691396680968434,124,25780,"207,9",non
TQ5 Media,TQ5Media,1949185548650693,#1949185548650693,123,58973,"479,5",non
Zoo Ecomuseum,zooecomuseum,9584728947,#9584728947,123,54283,"441,3",non
Mary Kay Canada,marykaycanada,360646975280,#360646975280,123,41812,"339,9",non
Ma Côte-Nord,macotenord,440606566689266,#440606566689266,123,39245,"319,1",non
Le Journal de Lévis,LeJournaldeLevis,174093697897,#174093697897,123,38415,"312,3",oui
QuébecBio,QuebecBio,527084117490771,#527084117490771,122,184303,"1510,7",non
Spotted St-Jérôme,SpottedStJeromeOfficiel,1554987218074978,#1554987218074978,122,57937,"474,9",non
Maxime Landry,LandryMaxime,100044390050848,#100044390050848,121,157351,"1300,4",non
FTQ,laFTQ,156235841087715,#156235841087715,121,87826,"725,8",non
"Chatons Orphelins Montréal - COM - Réseau d'entraide, sauvetages, adoptions",Rescuechatonsmontreal,871473582940174,#871473582940174,121,52987,"437,9",non
Catherine Côté,energiequantique.ca,107280654015389,#107280654015389,120,134184,"1118,2",non
Auberge Godefroy,aubergegodefroy,125044057563,#125044057563,120,59735,"497,8",non
IMA,IMAofficiel,100044260097765,#100044260097765,120,55930,"466,1",non
Restaurant Normandin,restaurantnormandin,396538287030817,#396538287030817,120,51579,"429,8",non
CISSS de l'Outaouais,CISSSOUTAOUAIS,1769309886715643,#1769309886715643,120,47524,396,non
Moi d'abord,moidabord.ca,673950815976187,#673950815976187,120,42852,"357,1",non
Jean-Yves Duclos,jyduclosliberal,716862221762601,#716862221762601,120,26911,"224,3",non
Dominic Arpin,dominicarpinfan,100044443896050,#100044443896050,119,162375,"1364,5",non
"Côte d'ivoire - Objets et Personnes perdus, volés et retrouvés",iYako.ci,101164408025072,#101164408025072,119,145135,"1219,6",non
Ben Milot,BenMilotFanPageOfficielle,206777742692309,#206777742692309,119,43038,"361,7",non
Parti Patriote,partipatriote,1862100017451030,#1862100017451030,119,23878,"200,7",non
Ministère de la Santé et des Services sociaux (MSSS),SanteServicesSociauxQuebec,113969008665734,#113969008665734,118,169302,"1434,8",non
Jean-Thomas Jobin (officiel),JeanThomasJobin,172763006558,#172763006558,118,114473,"970,1",non
Télé-Québec en classe,tqcenclasse,1557064764513611,#1557064764513611,118,92400,"783,1",non
SOS violence conjugale,sosviolenceconjugale,104811292976689,#104811292976689,118,53386,"452,4",non
Blaine Higgs,PremierBlaineHiggs,100051467058874,#100051467058874,118,47224,"400,2",non
Coeur à l'écoute,coeurbonheuramis,1111157112261302,#1111157112261302,118,22151,"187,7",non
La Famille Groulx,lafamillegroulx,1099239723512998,#1099239723512998,117,380721,3254,non
Josée Boudreault,josee.boudreaultcomplet,100044431899759,#100044431899759,117,206609,"1765,9",non
Etienne Boulay,etienne.boulay.96,100044139174280,#100044139174280,117,200145,"1710,6",non
TELUSfr,TELUSfr,96225168773,#96225168773,117,160310,"1370,2",non
Catherine Pogonat,catpogonat,169324203140866,#169324203140866,117,29822,"254,9",non
L'heure juste du camionneur,LHJDCmedia,587981274632500,#587981274632500,116,72378,"623,9",non
Au Chalet En Bois Rond,auchaletenboisrond,137864986284239,#137864986284239,116,43875,"378,2",non
Spotted : Laval QC,SpottedLavalQc,204591123028820,#204591123028820,116,40735,"351,2",non
Dominique Hudson,DominiqueHudsonOfficiel,100044547154623,#100044547154623,116,39962,"344,5",non
Special Olympics Canada,SpecialOCanada,110015995699637,#110015995699637,116,26658,"229,8",non
Spiritualité des Fées,SpiritualiteDesFees,511519665603451,#511519665603451,115,132641,"1153,4",non
Atmosphère,atmosphere.citation,1408796612699617,#1408796612699617,115,67134,"583,8",non
Je cuisine,magazinejecuisine,118948964897066,#118948964897066,115,34938,"303,8",non
Centrale des syndicats du Québec (CSQ),lacsq,186563811522,#186563811522,115,33815,294,non
L'Écho de Maskinongé,echomaskinonge,154262924648321,#154262924648321,115,33537,"291,6",oui
"Parc national de la Mauricie, Parcs Canada",pnMauricie,159868794209957,#159868794209957,115,31217,"271,5",non
Passion MLB,passionmlb,660063294146283,#660063294146283,115,24188,"210,3",non
Harricana Aventures,HarricanaAventures,143907449001565,#143907449001565,114,97377,"854,2",non
Eugène Allard cuisine et tendances,EugeneAllardCuisineTendances,331134470301277,#331134470301277,114,63550,"557,5",non
Orchestre Métropolitain,orchestremetropolitain,249224671155,#249224671155,114,47096,"413,1",non
Baleines en direct,baleinesendirect,1402078100028045,#1402078100028045,114,35120,"308,1",non
Les meilleurs trucs,meilleurstrucs,825878120916835,#825878120916835,114,31837,"279,3",non
Joseph Ribkoff,josephribkoff1957,61908299206,#61908299206,114,31524,"276,5",non
Hockey 360,hockey360RDS,188611041211591,#188611041211591,114,31172,"273,4",non
Belle et Bum,BelleEtBum,465298013500954,#465298013500954,114,27558,"241,7",non
Journal L'Étoile du Lac,letoiledulac,297036452902,#297036452902,114,24619,216,oui
Laurence Doire,laurencedoiremusic,100044244378601,#100044244378601,113,156410,"1384,2",non
Metro mon épicier,metromonepicier,158189864209504,#158189864209504,113,143969,"1274,1",non
Guillaume Pineault,Guillaume.Pineault.Humoriste,100044163262911,#100044163262911,113,69118,"611,7",non
Chrystia Freeland,freelandchrystia,544043002316611,#544043002316611,113,66118,"585,1",non
Coopérative des techniciens ambulanciers du Québec,CTAQuebec,1633565133422677,#1633565133422677,113,37082,"328,2",non
Damien Robitaille,DamienRobi,100050243780060,#100050243780060,112,151481,"1352,5",non
CIUSSS de la Capitale-Nationale,CIUSSSCN,538181276359816,#538181276359816,112,62346,"556,7",non
Mito,mito.entreprise,169350186438801,#169350186438801,112,46923,419,non
Catherine McKenna,McKenna.Ottawa,100044532242348,#100044532242348,112,36302,"324,1",non
CARABINS,carabinsudem,19068394707,#19068394707,112,33783,"301,6",non
Géopolitique,MondeGeopolitique,533124176759011,#533124176759011,112,31026,277,non
Prestige Auto International,prestigeauto2015,687903351330092,#687903351330092,112,30599,"273,2",non
Ville de Salaberry-de-Valleyfield,Valleyfield,134060769963444,#134060769963444,112,27368,"244,4",non
William Amos - Pontiac,willamoscanada,407672959376137,#407672959376137,112,26987,241,non
Campagne Québec-Vie,CampagneQuebecVie,138509886856,#138509886856,112,25593,"228,5",non
Vivre la vie autrement,vivvrelavieautrement,100044510886192,#100044510886192,111,151694,"1366,6",non
Marie-Élaine Thibert,MarieElaineThibert,100044384771012,#100044384771012,111,131342,"1183,3",non
Juliette & Chocolat,julietteetchocolat,99958094160,#99958094160,111,42908,"386,6",non
Bach illustrations,bachillustrations,100044437509324,#100044437509324,111,38078,343,non
Brasserie du Bas-Canada,brasseriedubascanada,1669820396633441,#1669820396633441,111,29179,"262,9",non
Küto - Comptoir à Tartares,kutotartares,827838797320616,#827838797320616,110,86883,"789,8",non
Éditions AdA,editionsada,119241224754555,#119241224754555,110,62318,"566,5",non
Le Courrier de Saint-Hyacinthe,lecourrier1853,945501695529563,#945501695529563,110,49923,"453,8",oui
Fondation Institut de gériatrie de Montréal,FIUGM,1769097286670367,#1769097286670367,110,49687,"451,7",non
Alex Labbé,AlexLabbe36,100057720596076,#100057720596076,110,41266,"375,1",non
Bertrand Godin,godinracing,411685468977815,#411685468977815,109,45623,"418,6",non
Ville de Cowansville - page officielle,villecowansville,147012898667070,#147012898667070,109,44709,"410,2",non
Sophie Grégoire Trudeau,SophieGregoireTrudeau,1732388847014056,#1732388847014056,108,579090,"5361,9",non
Mononc' Serge,mononcserge,22262289614,#22262289614,108,70447,"652,3",non
Je décore,jedecore,385684814776357,#385684814776357,108,58533,542,non
Tourisme-Charlevoix,tourismecharlevoix,133367216814,#133367216814,108,43185,"399,9",non
Association des Plus Beaux Villages du Québec,APBVQ,128249113920262,#128249113920262,108,33920,"314,1",non
4th Canadian Division - 4e Division du Canada,4CdnDiv4DivCA,767088219985590,#767088219985590,108,24446,"226,4",non
Martiny cosmétique &fashion,martinezCosmetics,1313666132112566,#1313666132112566,107,451525,"4219,9",non
Philippe Bond,PhilippeBondHumoriste,100044548594435,#100044548594435,107,163629,"1529,2",non
Galaxie des Animaux,GalaxiedesAnimaux,1215622501853749,#1215622501853749,107,135288,"1264,4",non
CAA-Québec,caaQc,291191747682596,#291191747682596,107,74514,"696,4",non
Tremblant,tremblant,305002358114,#305002358114,107,64780,"605,4",non
Michel Boudrias,michelboudrias101,1545887795625921,#1545887795625921,107,55101,515,non
iA Groupe financier (Industrielle Alliance),industriellealliance,142817449084810,#142817449084810,107,44551,"416,4",non
100.9,100.9QC,138685242834876,#138685242834876,107,30882,"288,6",non
Stéphane Laporte,stephlaporte,100044081621565,#100044081621565,106,165521,"1561,5",non
QW4RTZ,qw4rtz,224234347607369,#224234347607369,106,144334,"1361,6",non
Québec Insolite,qcinsolite,1395388930676322,#1395388930676322,106,62193,"586,7",non
Orchestre symphonique de Montréal - OSM,OSMconcerts,115309189090,#115309189090,106,57006,"537,8",non
La Cage,lacagebrasseriesportive,192385874115061,#192385874115061,106,54634,"515,4",non
Maryam Monsef,MonsefMaryam,1456416134632437,#1456416134632437,106,34043,"321,2",non
E47 Éco Sentiers,StationEmpire47,1016370298383174,#1016370298383174,106,28679,"270,6",non
Journal Nouvelles Hebdo,Nouvelleshebdo,160299100725388,#160299100725388,106,25732,"242,8",oui
Standards Divins,standardsdivins,100019020439550,#100019020439550,105,412119,"3924,9",non
Mon Toubabou,Priscabaill,103445311292246,#103445311292246,105,84652,"806,2",non
Réseau des Citoyens,reseaudescitoyens,173969056617984,#173969056617984,105,60868,"579,7",non
Roadrace,Roadraceqc,2098508283744855,#2098508283744855,105,59236,"564,2",non
Fondation Mira,fondationmira,130494087023400,#130494087023400,105,42515,"404,9",non
Emilie Ouellette,Emilie0uellette,100058284781535,#100058284781535,105,37451,"356,7",non
Le Courrier Sud,LeCourrierSud,237037489656974,#237037489656974,105,28356,"270,1",oui
L'Avant-Poste,lavantposte,278296897888,#278296897888,105,26345,"250,9",non
Marie Mai - VIP,MarieMaiOfficiel,100044230489092,#100044230489092,104,370062,"3558,3",non
En pleine Nature - Claude Fortin Photographe,cfortinphoto,100044306064161,#100044306064161,104,121214,"1165,5",non
Hubert Cormier Nutritionniste,hubertcormier,100044384890981,#100044384890981,104,50436,485,non
Cinq Fourchettes par Nancy Bordeleau,BlogueCinqFourchettes,100044212697219,#100044212697219,104,44161,"424,6",non
Boucherie Sévelin,BoucherieSevelin,158382631014523,#158382631014523,104,31506,"302,9",non
François-Philippe Champagne,FPChampagneSMC,297499043722950,#297499043722950,104,28228,"271,4",non
PSG Club Montréal,psgclubmontreal,138855331896,#138855331896,103,102180,992,non
Guylaine Guay,guylaineguayauteure,100044259678033,#100044259678033,103,75196,"730,1",non
Angelo G. Iacono,AIaconoMP,107056659909,#107056659909,103,57488,"558,1",non
Opération Enfant Soleil (Officiel),operationenfantsoleil,121659494541204,#121659494541204,103,54999,534,non
Supercardio,supercardio,156867674481563,#156867674481563,103,49957,485,non
C'est juste de la TV,cjdltv,322075961904,#322075961904,103,33490,"325,1",non
Gregory Charles,Gregexperience,100044169382638,#100044169382638,102,158983,"1558,7",non
Cours Toutoune,courstoutoune,709898759145812,#709898759145812,102,50438,"494,5",non
RMC Canada CMR,RMCCanadaCMR,265034516970530,#265034516970530,102,33974,"333,1",non
Soccer Québec,SoccerQuebec,195926650532157,#195926650532157,102,32278,"316,5",non
Joël Arseneau,joelarseneauDepute,2092607887479452,#2092607887479452,102,25807,253,non
Nicole Bordeleau,YogaMonde,100044160623065,#100044160623065,101,197582,"1956,3",non
Sophie Thibault,PhotoSophie9,100044407870439,#100044407870439,101,173429,"1717,1",non
Élevage Micro cochon & cie,elevagemicrocochon,100044387887791,#100044387887791,101,119885,1187,non
Collection Mini Coco Inc.,Collectionminicoco,521864978015853,#521864978015853,101,56214,"556,6",non
New Brunswick / Nouveau-Brunswick,DestinationNB,115008985198798,#115008985198798,101,53478,"529,5",non
SPCA de l'Outaouais,SPCAOutaouais,112362588820028,#112362588820028,101,39211,"388,2",non
Arrondissement de Rivière-des-Prairies—Pointe-aux-Trembles,rdp.pat,506633972695834,#506633972695834,101,26602,"263,4",non
Journal Le Soir,journallesoir.ca,102339377820962,#102339377820962,101,19942,"197,4",oui
Guillaume Vermette,ClownHumanitaire,734354253331717,#734354253331717,100,228830,"2288,3",non
Annie Villeneuve,AnnieVOfficiel,100044460668449,#100044460668449,100,168543,"1685,4",non
Kaïn,groupekain,100044157442961,#100044157442961,100,94943,"949,4",non
Marie-Sol,MarieSolStOnge,212850812150989,#212850812150989,100,69981,"699,8",non
Canton,cantoncanada,161811867222571,#161811867222571,100,51626,"516,3",non
Jean-François Lisée,jflisee,395848377146274,#395848377146274,100,51288,"512,9",non
Alex & MJ - On The GO,alexmjonthego,146089245778714,#146089245778714,100,50812,"508,1",non
Les chroniques de Majda,majda.elkrami,100044669754346,#100044669754346,100,50161,"501,6",non
Séries Plus,seriesplus,247256932018460,#247256932018460,100,46581,"465,8",non
Épatante patate,epatantepatate2,1177948198915121,#1177948198915121,100,39320,"393,2",non
Le Grec - Restaurant & Produits,RestaurantLeGrec,108867425820621,#108867425820621,100,33055,"330,6",non
Messorem Bracitorium,MessoremBracitorium,765583043620262,#765583043620262,100,28114,"281,1",non
